"category","id","name","price","stock","ean","sku","brand","url","image"
"Fürdőkönyv","15322394001794","123 fürdőkönyv babáknak","2990.00","5","","CHICZ-1401","CHICCO TOYS","https://toysland-9695.myshopify.com/products/vizallo-furdokonyv-babaknak","https://cdn.shopify.com/s/files/1/0935/7620/0578/files/product-16877_44f73db4-afcc-489c-804f-0ecb772002b0.jpg?v=1776797842"
"Bébijáró és aktivitásközpont","15322394296706","4 az 1-ben aktivitásközpont babáknak","24990.00","2","","CHICZ-262","CHICCO TOYS","https://toysland-9695.myshopify.com/products/4-az-1-ben-keszsegfejleszto-jatszoasztal","https://cdn.shopify.com/s/files/1/0935/7620/0578/files/product-17056_8567d551-d37a-44ff-bb34-858bd23486df.jpg?v=1776797852"
"Akasztós babajáték","15322392527234","Akasztható kormányos fejlesztő babajáték","5990.00","99","","TOYZ-9016","TOYZ","https://toysland-9695.myshopify.com/products/interaktiv-keszsegfejleszto-baba-jatek-pendant-with-steering-wheel","https://cdn.shopify.com/s/files/1/0935/7620/0578/files/foto_add-46248_8504baa6-5bb0-4daf-a06e-502c3d1ac023.jpg?v=1776797792"
"Szenzoros babakönyv","15325501096322","Akuku állatvilág textil szenzoros babakönyv","2990.00","24","5907644004812","AKUKU-6953","AKUKU","https://toysland-9695.myshopify.com/products/akuku-allatvilag-textil-szenzoros-babakonyv-akuku-6953","https://cdn.shopify.com/s/files/1/0935/7620/0578/files/product-13689.jpg?v=1777105152"
"Fürdőkönyv","15325500932482","Akuku betűs fürdőkönyv sípolóval babáknak","990.00","20","","AKUKU-6951","AKUKU","https://toysland-9695.myshopify.com/products/akuku-betus-furdokonyv-sipoloval-babaknak-akuku-6951","https://cdn.shopify.com/s/files/1/0935/7620/0578/files/product-12452.jpg?v=1777105144"
"Baba csörgő","15325500768642","Akuku fekete-fehér baba csörgő","1990.00","12","5907644004676","AKUKU-1402","AKUKU","https://toysland-9695.myshopify.com/products/akuku-fekete-feher-baba-csorgo-akuku-1402","https://cdn.shopify.com/s/files/1/0935/7620/0578/files/product-11920.jpg?v=1777105138"
"Akasztós babajáték","15325500801410","Akuku fekete-fehér babakocsi csörgő","1990.00","28","5907644004683","AKUKU-687","AKUKU","https://toysland-9695.myshopify.com/products/akuku-fekete-feher-babakocsi-csorgo-akuku-687","https://cdn.shopify.com/s/files/1/0935/7620/0578/files/product-11922.jpg?v=1777105139"
"Akasztós babajáték","15322390397314","Akuku fekete-fehér maci akasztós plüss babajáték","2990.00","34","","AKUKU-1403","AKUKU","https://toysland-9695.myshopify.com/products/felakaszthato-pluss-jatek-babakocsira-bear_black-feher","https://cdn.shopify.com/s/files/1/0935/7620/0578/files/product-11919_ca9a3631-8cbc-4bb1-816d-0c6a813b5b98.jpg?v=1776797736"
"Játszószőnyeg","15325501161858","Akuku felfújható vizes játszószőnyeg babáknak","3990.00","86","","AKUKU-902","AKUKU","https://toysland-9695.myshopify.com/products/akuku-felfujhato-vizes-jatszoszonyeg-babaknak-akuku-902","https://cdn.shopify.com/s/files/1/0935/7620/0578/files/product-13867.jpg?v=1777105155"
"Játszószőnyeg","15325500965250","Akuku felfújható vizes játszószőnyeg babáknak, 67 x 49 cm","3990.00","105","5907644004867","AKUKU-901","AKUKU","https://toysland-9695.myshopify.com/products/akuku-felfujhato-vizes-jatszoszonyeg-babaknak-67-x-49-cm-akuku-901","https://cdn.shopify.com/s/files/1/0935/7620/0578/files/product-12453.jpg?v=1777105146"
"Szenzoros babakönyv","15325502013826","Akuku First Book puha könyv sípolóval babáknak","990.00","36","5907644004768","AKUKU-69500","AKUKU","https://toysland-9695.myshopify.com/products/akuku-first-book-puha-konyv-sipoloval-babaknak-akuku-69500","https://cdn.shopify.com/s/files/1/0935/7620/0578/files/product-14739.jpg?v=1777105194"
"Fürdőkönyv","15325501817218","Akuku First Step puha fürdőkönyv sípolóval","990.00","26","5907644004775","AKUKU-6954","AKUKU","https://toysland-9695.myshopify.com/products/akuku-first-step-puha-furdokonyv-sipoloval-akuku-6954","https://cdn.shopify.com/s/files/1/0935/7620/0578/files/product-14684.jpg?v=1777105182"
"Fürdőjáték","15325500703106","Akuku kacsás fürdőjáték szett babáknak, 4 db","1990.00","42","5907644001620","AKUKU-6900","AKUKU","https://toysland-9695.myshopify.com/products/akuku-kacsas-furdojatek-szett-babaknak-4-db-akuku-6900","https://cdn.shopify.com/s/files/1/0935/7620/0578/files/product-11647.jpg?v=1777105135"
"Baba csörgő","15325501784450","Akuku krokodil plüss csörgő sípoló babajáték","1990.00","6","5907644006441","AKUKU-140328","AKUKU","https://toysland-9695.myshopify.com/products/akuku-krokodil-pluss-csorgo-sipolo-babajatek-akuku-140328","https://cdn.shopify.com/s/files/1/0935/7620/0578/files/foto_add-41134.jpg?v=1777105180"
"Akasztós babajáték","15325504405890","Akuku panda kiságyra akasztható szenzoros játék","2990.00","22","5907644007028","AKUKU-99995","AKUKU","https://toysland-9695.myshopify.com/products/akuku-panda-kisagyra-akaszthato-szenzoros-jatek-akuku-99995","https://cdn.shopify.com/s/files/1/0935/7620/0578/files/product-17171.jpg?v=1777105307"
"Plüss babajáték","15325501129090","Akuku puha plüss súlyzó babajáték","1990.00","21","5907644004829","AKUKU-140325","AKUKU","https://toysland-9695.myshopify.com/products/akuku-puha-pluss-sulyzo-babajatek-akuku-140325","https://cdn.shopify.com/s/files/1/0935/7620/0578/files/product-13690.jpg?v=1777105154"
"Baba csörgő","15325501751682","Akuku róka plüss csörgő sípoló babajáték","1990.00","6","5907644006434","AKUKU-140327","AKUKU","https://toysland-9695.myshopify.com/products/akuku-roka-pluss-csorgo-sipolo-babajatek-akuku-140327","https://cdn.shopify.com/s/files/1/0935/7620/0578/files/foto_add-41132.jpg?v=1777105179"
"Akasztós babajáték","15325504438658","Akuku sárkány kiságyra akasztható szenzoros játék","3990.00","10","5907644007035","AKUKU-99996","AKUKU","https://toysland-9695.myshopify.com/products/akuku-sarkany-kisagyra-akaszthato-szenzoros-jatek-akuku-99996","https://cdn.shopify.com/s/files/1/0935/7620/0578/files/product-17172.jpg?v=1777105309"
"Fürdőkönyv","15325501981058","Akuku számos fürdőkönyv sípolóval babáknak","990.00","4","5907644004744","AKUKU-69501","AKUKU","https://toysland-9695.myshopify.com/products/akuku-szamos-furdokonyv-sipoloval-babaknak-akuku-69501","https://cdn.shopify.com/s/files/1/0935/7620/0578/files/product-14713.jpg?v=1777105191"
"Baba csörgő","15325503422850","Akuku tehén baba csörgő","1990.00","26","5907644006793","AKUKU-15","AKUKU","https://toysland-9695.myshopify.com/products/akuku-tehen-baba-csorgo-akuku-15","https://cdn.shopify.com/s/files/1/0935/7620/0578/files/product-16538.jpg?v=1777105261"
"Szenzoros babakönyv","15325501063554","Akuku tengeri állatos textil szenzoros babakönyv","2990.00","23","5907644004805","AKUKU-6952","AKUKU","https://toysland-9695.myshopify.com/products/akuku-tengeri-allatos-textil-szenzoros-babakonyv-akuku-6952","https://cdn.shopify.com/s/files/1/0935/7620/0578/files/product-13688.jpg?v=1777105151"
"Szenzoros babakönyv","15325504471426","Akuku Zoo szenzoros babakönyv","1990.00","10","5907644007042","AKUKU-6957","AKUKU","https://toysland-9695.myshopify.com/products/akuku-zoo-szenzoros-babakonyv-akuku-6957","https://cdn.shopify.com/s/files/1/0935/7620/0578/files/product-17173.jpg?v=1777105310"
"Játszószőnyeg","15322391052674","Állatos multifunkciós játszószőnyeg babáknak","15990.00","219","","TOYZ-1112","TOYZ","https://toysland-9695.myshopify.com/products/tobbfunkcios-keszsegfejleszto-jatszoszonyeg-allatok","https://cdn.shopify.com/s/files/1/0935/7620/0578/files/product-13882_5d1728b0-5274-4ff5-a53a-78e99768ff40.jpg?v=1776797752"
"Játszószőnyeg","15322391740802","Autós multifunkciós játszószőnyeg babáknak","15990.00","121","","TOYZ-1115","TOYZ","https://toysland-9695.myshopify.com/products/tobbfunkcios-keszsegfejleszto-jatszoszonyeg-autok","https://cdn.shopify.com/s/files/1/0935/7620/0578/files/product-14491_1afc0e01-9f63-4f49-9cfa-9df7c512747a.jpg?v=1776797771"
"Plüss babajáték","15325504766338","BabyOno Bingo tehén sípolós plüss babajáték","2990.00","22","5901435418420","ON-8637","BABYONO","https://toysland-9695.myshopify.com/products/babyono-bingo-tehen-sipolos-pluss-babajatek-on-8637","https://cdn.shopify.com/s/files/1/0935/7620/0578/files/product-17528.jpg?v=1777105322"
"Szenzoros babakönyv","15325504799106","BabyOno Bingo tehén szenzoros babakönyv","5990.00","13","5901435418444","ON-8639","BABYONO","https://toysland-9695.myshopify.com/products/babyono-bingo-tehen-szenzoros-babakonyv-on-8639","https://cdn.shopify.com/s/files/1/0935/7620/0578/files/product-17530.jpg?v=1777105324"
"Zenélő plüss babajáték","15325504831874","BabyOno Bingo tehén zenélő plüss babajáték","5990.00","18","5901435418468","ON-86392","BABYONO","https://toysland-9695.myshopify.com/products/babyono-bingo-tehen-zenelo-pluss-babajatek-on-86392","https://cdn.shopify.com/s/files/1/0935/7620/0578/files/BabyOno_Bingo_tehen_zenelo_pluss_babajatek.png?v=1777106143"
"Szenzoros labda","15322389479810","BabyOno C More kontrasztos puha baba labda","1990.00","0","","ON-595","BABYONO","https://toysland-9695.myshopify.com/products/638-puha-ball-for-babies-kontrasztos-c-more-collection-babyono","https://cdn.shopify.com/s/files/1/0935/7620/0578/files/product-4533_5c9865d3-8c32-4b40-9f6e-9f56444deac3.jpg?v=1776797709"
"Szenzoros babakönyv","15325501653378","BabyOno Farm szenzoros babakönyv","3990.00","49","5901435414668","ON-737","BABYONO","https://toysland-9695.myshopify.com/products/babyono-farm-szenzoros-babakonyv-on-737","https://cdn.shopify.com/s/files/1/0935/7620/0578/files/foto_add-41002.jpg?v=1777105176"
"Szenzoros babakönyv","15325500998018","BabyOno fekete-fehér szenzoros babakönyv","2990.00","25","5901435412800","ON-734","BABYONO","https://toysland-9695.myshopify.com/products/babyono-fekete-feher-szenzoros-babakonyv-on-734","https://cdn.shopify.com/s/files/1/0935/7620/0578/files/product-12515.jpg?v=1777105147"
"Játszószőnyeg","15325501620610","BabyOno felfújható vizes szenzoros játszószőnyeg","2990.00","110","5901435414446","ONO-778","BABYONO","https://toysland-9695.myshopify.com/products/babyono-felfujhato-vizes-szenzoros-jatszoszonyeg-ono-778","https://cdn.shopify.com/s/files/1/0935/7620/0578/files/foto_add-39146.jpg?v=1777105174"
"Szenzoros babakönyv","15325501686146","BabyOno Forest Trip szenzoros babakönyv","2990.00","50","5901435414675","ON-738","BABYONO","https://toysland-9695.myshopify.com/products/babyono-forest-trip-szenzoros-babakonyv-on-738","https://cdn.shopify.com/s/files/1/0935/7620/0578/files/foto_add-41011.jpg?v=1777105177"
"Szenzoros babakönyv","15325501030786","BabyOno Go to the Ocean szenzoros babakönyv","3990.00","12","5901435412824","ON-735","BABYONO","https://toysland-9695.myshopify.com/products/babyono-go-to-the-ocean-szenzoros-babakonyv-on-735","https://cdn.shopify.com/s/files/1/0935/7620/0578/files/product-12516.jpg?v=1777105149"
"Plüss babajáték","15325502046594","BabyOno Happy Panda lapos plüss szenzoros babajáték","1990.00","16","5901435415542","ON-763","BABYONO","https://toysland-9695.myshopify.com/products/babyono-happy-panda-lapos-pluss-szenzoros-babajatek-on-763","https://cdn.shopify.com/s/files/1/0935/7620/0578/files/foto_add-42579.jpg?v=1777105197"
"Akasztós babajáték","15325504700802","BabyOno Karo nyuszi akasztós babajáték","3990.00","0","5901435418390","ON-8635","BABYONO","https://toysland-9695.myshopify.com/products/babyono-karo-nyuszi-akasztos-babajatek-on-8635","https://cdn.shopify.com/s/files/1/0935/7620/0578/files/product-17526.jpg?v=1777105319"
"Plüss babajáték","15325504635266","BabyOno Karo nyuszi sípolós plüss babajáték","2990.00","3","5901435418369","ON-8632","BABYONO","https://toysland-9695.myshopify.com/products/babyono-karo-nyuszi-sipolos-pluss-babajatek-on-8632","https://cdn.shopify.com/s/files/1/0935/7620/0578/files/product-17523.jpg?v=1777105316"
"Szenzoros babakönyv","15325504668034","BabyOno Karo nyuszi szenzoros babakönyv","5990.00","18","5901435418383","ON-8634","BABYONO","https://toysland-9695.myshopify.com/products/babyono-karo-nyuszi-szenzoros-babakonyv-on-8634","https://cdn.shopify.com/s/files/1/0935/7620/0578/files/product-17525.jpg?v=1777105317"
"Zenélő plüss babajáték","15325504733570","BabyOno Karo nyuszi zenélő plüss babajáték","5990.00","21","5901435418406","ON-8636","BABYONO","https://toysland-9695.myshopify.com/products/babyono-karo-nyuszi-zenelo-pluss-babajatek-on-8636","https://cdn.shopify.com/s/files/1/0935/7620/0578/files/product-17527.jpg?v=1777105320"
"Akasztós babajáték","15325504504194","BabyOno kontrasztos egér akasztós babajáték","2990.00","41","5901435418307","ON-8561","BABYONO","https://toysland-9695.myshopify.com/products/babyono-kontrasztos-eger-akasztos-babajatek-on-8561","https://cdn.shopify.com/s/files/1/0935/7620/0578/files/product-17453.jpg?v=1777105312"
"Baba csörgő","15325504569730","BabyOno kontrasztos egér baba csörgő","2990.00","18","5901435418314","ON-8562","BABYONO","https://toysland-9695.myshopify.com/products/babyono-kontrasztos-eger-baba-csorgo-on-8562","https://cdn.shopify.com/s/files/1/0935/7620/0578/files/product-17454.jpg?v=1777105313"
"Akasztós babajáték","15325504602498","BabyOno kontrasztos egér babakocsi körforgó játék","3990.00","8","5901435418321","ON-8563","BABYONO","https://toysland-9695.myshopify.com/products/babyono-kontrasztos-eger-babakocsi-korforgo-jatek-on-8563","https://cdn.shopify.com/s/files/1/0935/7620/0578/files/product-17455.jpg?v=1777105314"
"Komfortkendő","15325502112130","BabyOno Little Birdie komfortkendő babáknak","2990.00","19","5901435415580","ON-767","BABYONO","https://toysland-9695.myshopify.com/products/babyono-little-birdie-komfortkendo-babaknak-on-767","https://cdn.shopify.com/s/files/1/0935/7620/0578/files/foto_add-42594.jpg?v=1777105200"
"Plüss babajáték","15325502079362","BabyOno Little Birdie lapos plüss szenzoros babajáték","1990.00","22","5901435415573","ON-766","BABYONO","https://toysland-9695.myshopify.com/products/babyono-little-birdie-lapos-pluss-szenzoros-babajatek-on-766","https://cdn.shopify.com/s/files/1/0935/7620/0578/files/foto_add-42590.jpg?v=1777105198"
"Plüss babajáték","15325502636418","BabyOno Lulu láma zörgő plüss babajáték","1990.00","16","5901435416099","ON-7404","BABYONO","https://toysland-9695.myshopify.com/products/babyono-lulu-lama-zorgo-pluss-babajatek-on-7404","https://cdn.shopify.com/s/files/1/0935/7620/0578/files/product-15949.jpg?v=1777105223"
"Plüss babajáték","15325502669186","BabyOno Lulu láma zörgő plüss babajáték","1990.00","17","5901435416518","ON-7405","BABYONO","https://toysland-9695.myshopify.com/products/babyono-lulu-lama-zorgo-pluss-babajatek-on-7405","https://cdn.shopify.com/s/files/1/0935/7620/0578/files/product-15950.jpg?v=1777105224"
"Plüss babajáték","15325500211586","BabyOno Maggie vidra puha plüss babajáték","2990.00","9","5901435411377","ON-76","BABYONO","https://toysland-9695.myshopify.com/products/babyono-maggie-vidra-puha-pluss-babajatek-on-76","https://cdn.shopify.com/s/files/1/0935/7620/0578/files/foto_add-23418.jpg?v=1777105116"
"Szenzoros babakönyv","15325500866946","BabyOno My Contrast Book kontrasztos szenzoros babakönyv","2990.00","35","5901435412817","ON-732","BABYONO","https://toysland-9695.myshopify.com/products/babyono-my-contrast-book-kontrasztos-szenzoros-babakonyv-on-732","https://cdn.shopify.com/s/files/1/0935/7620/0578/files/foto_add-30526.jpg?v=1777105143"
"Szenzoros babakönyv","15325500834178","BabyOno My Life szenzoros babakönyv","2990.00","10","5901435412794","ON-731","BABYONO","https://toysland-9695.myshopify.com/products/babyono-my-life-szenzoros-babakonyv-on-731","https://cdn.shopify.com/s/files/1/0935/7620/0578/files/foto_add-30519.jpg?v=1777105142"
"Akasztós babajáték","15325503062402","BabyOno Nature babakocsi és autósülés akasztós játék","3990.00","20","5901435416587","ON-81408","BABYONO","https://toysland-9695.myshopify.com/products/babyono-nature-babakocsi-es-autosules-akasztos-jatek-on-81408","https://cdn.shopify.com/s/files/1/0935/7620/0578/files/foto_add-49052.jpg?v=1777105239"
"Baba csörgő","15325502177666","BabyOno papagáj baba csörgő","1990.00","32","5901435415924","ONO-9364","BABYONO","https://toysland-9695.myshopify.com/products/babyono-papagaj-baba-csorgo-ono-9364","https://cdn.shopify.com/s/files/1/0935/7620/0578/files/foto_add-45959.jpg?v=1777105203"
"Plüss babajáték","15325502701954","BabyOno Polly panda zörgő plüss babajáték","2990.00","9","5901435416105","ON-7406","BABYONO","https://toysland-9695.myshopify.com/products/babyono-polly-panda-zorgo-pluss-babajatek-on-7406","https://cdn.shopify.com/s/files/1/0935/7620/0578/files/foto_add-47593.jpg?v=1777105226"
"Szenzoros babakönyv","15325502734722","BabyOno Safari szenzoros babakönyv állvánnyal","5990.00","15","5901435416167","ON-7392","BABYONO","https://toysland-9695.myshopify.com/products/babyono-safari-szenzoros-babakonyv-allvannyal-on-7392","https://cdn.shopify.com/s/files/1/0935/7620/0578/files/foto_add-47608.jpg?v=1777105227"
"Plüss babajáték","15325500178818","BabyOno Sofia bagoly plüss alvótárs babáknak","3990.00","0","5901435409473","ON-65","BABYONO","https://toysland-9695.myshopify.com/products/babyono-sofia-bagoly-pluss-alvotars-babaknak-on-65","https://cdn.shopify.com/s/files/1/0935/7620/0578/files/foto_add-13159.jpg?v=1777105113"
"Plüss babajáték","15325500080514","BabyOno Sweet Lambie sípolós plüss bárány rágókával","2990.00","7","5901435409312","ON-56","BABYONO","https://toysland-9695.myshopify.com/products/babyono-sweet-lambie-sipolos-pluss-barany-ragokaval-on-56","https://cdn.shopify.com/s/files/1/0935/7620/0578/files/foto_add-12777.jpg?v=1777105110"
"Fürdőjáték","15322394231170","BabyOno szilikon kacsa fürdőjáték szett, 3 db","3990.00","8","","ON-89","BABYONO","https://toysland-9695.myshopify.com/products/szilikon-gumi-kacsa-furdojatek-szett-3-db","https://cdn.shopify.com/s/files/1/0935/7620/0578/files/product-17010_9022921f-2c7a-478e-8b38-0cb0340a23a4.jpg?v=1776797850"
"Baba csörgő","15322389447042","BabyOno szivárvány virág baba csörgő","2990.00","5","","ON-58","BABYONO","https://toysland-9695.myshopify.com/products/keszsegfejleszto-csorgo-babaknak","https://cdn.shopify.com/s/files/1/0935/7620/0578/files/product-4527_19d54431-200d-4d6f-9729-ba7ab849ef43.jpg?v=1776797708"
"Plüss babajáték","15325503848834","BabyOno teknős tapadókorongos szenzoros játék","2990.00","0","5901435416563","ON-872","BABYONO","https://toysland-9695.myshopify.com/products/babyono-teknos-tapadokorongos-szenzoros-jatek-on-872","https://cdn.shopify.com/s/files/1/0935/7620/0578/files/product-16668.jpg?v=1777105278"
"Játszószőnyeg","15325502407042","BabyOno XPE fejlesztő játszószőnyeg, 150 x 200 cm","7990.00","110","5901435416495","ONO-77802","BABYONO","https://toysland-9695.myshopify.com/products/babyono-xpe-fejleszto-jatszoszonyeg-150-x-200-cm-ono-77802","https://cdn.shopify.com/s/files/1/0935/7620/0578/files/product-15739.jpg?v=1777105214"
"Plüss babajáték","15325502603650","BabyOno Zoe liba puha plüss babajáték","2990.00","6","5901435416068","ON-7401","BABYONO","https://toysland-9695.myshopify.com/products/babyono-zoe-liba-puha-pluss-babajatek-on-7401","https://cdn.shopify.com/s/files/1/0935/7620/0578/files/product-15946.jpg?v=1777105221"
"Plüss babajáték","15322394591618","Billy polip plüss játék babáknak","7990.00","0","","CHICZ-1445","CHICCO TOYS","https://toysland-9695.myshopify.com/products/118670-polip-billy","https://cdn.shopify.com/s/files/1/0935/7620/0578/files/product-17156_f7655cab-af12-43e9-a114-a8d37a73dfb3.jpg?v=1776797860"
"Szenzoros babakönyv","15322390659458","C More Dream Team első szenzoros babakönyv","5990.00","10","","ON-733","BABYONO","https://toysland-9695.myshopify.com/products/779-dream-team-c-more-first-book","https://cdn.shopify.com/s/files/1/0935/7620/0578/files/product-12169_e7b087f5-ed39-41e5-8bf6-0daa05f22435.jpg?v=1776797742"
"Játszószőnyeg","15325500408194","Chicco 3 az 1-ben babatornáztató játszószőnyeg","25990.00","1","8058664112524","CHICZ-08","CHICCO TOYS","https://toysland-9695.myshopify.com/products/chicco-3-az-1-ben-babatornaztato-jatszoszonyeg-chicz-08","https://cdn.shopify.com/s/files/1/0935/7620/0578/files/foto_add-26989.jpg?v=1777105125"
"Baba csörgő","15325501587842","Chicco bagoly baba csörgő","2990.00","0","8058664165872","CHIC-7307","CHICCO TOYS","https://toysland-9695.myshopify.com/products/chicco-bagoly-baba-csorgo-chic-7307","https://cdn.shopify.com/s/files/1/0935/7620/0578/files/product-14309.jpg?v=1777105172"
"Plüss babajáték","15325504110978","Chicco Daddy fa maci figura szett","1990.00","6","8058664184910","CHICZ-149","CHICCO TOYS","https://toysland-9695.myshopify.com/products/chicco-daddy-fa-maci-figura-szett-chicz-149","https://cdn.shopify.com/s/files/1/0935/7620/0578/files/product-16874.jpg?v=1777105287"
"Készségfejlesztő játék","15325500604802","Chicco ECO+ 2 az 1-ben rakosgató pohártorony","4990.00","0","8058664144419","CHICZ-162","CHICCO TOYS","https://toysland-9695.myshopify.com/products/chicco-eco-2-az-1-ben-rakosgato-pohartorony-chicz-162","https://cdn.shopify.com/s/files/1/0935/7620/0578/files/foto_add-28754.jpg?v=1777105133"
"Kültéri játék","15325504209282","Chicco felfújható unikornis ugráló játék","12990.00","1","8058664175611","CHICZ-197","CHICCO TOYS","https://toysland-9695.myshopify.com/products/chicco-felfujhato-unikornis-ugralo-jatek-chicz-197","https://cdn.shopify.com/s/files/1/0935/7620/0578/files/product-16881.jpg?v=1777105292"
"Kültéri játék","15322393641346","Chicco homokozó dömper játék gyerekeknek","10990.00","0","","CHICZ-15110","CHICCO TOYS","https://toysland-9695.myshopify.com/products/jatek-domper-homokozoba","https://cdn.shopify.com/s/files/1/0935/7620/0578/files/product-16853_18375cb3-8f51-446a-bc87-0280bd2ac35b.jpg?v=1776797829"
"Baba csörgő","15325502472578","Chicco kaméleon baba csörgő rágókával","3990.00","1","8058664162727","CHIC-7312","CHICCO","https://toysland-9695.myshopify.com/products/chicco-kameleon-baba-csorgo-ragokaval-chic-7312","https://cdn.shopify.com/s/files/1/0935/7620/0578/files/product-15756.jpg?v=1777105217"
"Játszószőnyeg","15325500440962","Chicco kék 3 az 1-ben babatornáztató játszószőnyeg","25990.00","4","8058664112548","CHICZ-080","CHICCO TOYS","https://toysland-9695.myshopify.com/products/chicco-kek-3-az-1-ben-babatornaztato-jatszoszonyeg-chicz-080","https://cdn.shopify.com/s/files/1/0935/7620/0578/files/product-10873.jpg?v=1777105126"
"Zenélő kiságyforgó","15325501325698","Chicco kék Rainbow zenélő kiságyforgó","19990.00","6","","CHICZ-0934","CHICCO TOYS","https://toysland-9695.myshopify.com/products/chicco-kek-rainbow-zenelo-kisagyforgo-chicz-0934","https://cdn.shopify.com/s/files/1/0935/7620/0578/files/product-14214.jpg?v=1777105161"
"Zenélő kiságyforgó","15325500572034","Chicco maci és nyuszi zenélő kiságyforgó","12990.00","0","8058664104574","CHICZ-092","CHICCO TOYS","https://toysland-9695.myshopify.com/products/chicco-maci-es-nyuszi-zenelo-kisagyforgo-chicz-092","https://cdn.shopify.com/s/files/1/0935/7620/0578/files/product-11128.jpg?v=1777105130"
"Játszópárna","15325502570882","Chicco Magical Forest hasalós játszópárna babáknak","8990.00","11","8058664160570","CHICZ-087","CHICCO TOYS","https://toysland-9695.myshopify.com/products/chicco-magical-forest-hasalos-jatszoparna-babaknak-chicz-087","https://cdn.shopify.com/s/files/1/0935/7620/0578/files/foto_add-46416.jpg?v=1777105220"
"Akasztós babajáték","15325501489538","Chicco majom babakocsi plüss függő játék","3990.00","0","8058664164875","CHICZ-1283","CHICCO TOYS","https://toysland-9695.myshopify.com/products/chicco-majom-babakocsi-pluss-fuggo-jatek-chicz-1283","https://cdn.shopify.com/s/files/1/0935/7620/0578/files/foto_add-38938.jpg?v=1777105169"
"Plüss babajáték","15325504078210","Chicco melegítő plüss maci alvótárs","7990.00","3","8058664177035","CHICZ-1211","CHICCO TOYS","https://toysland-9695.myshopify.com/products/chicco-melegito-pluss-maci-alvotars-chicz-1211","https://cdn.shopify.com/s/files/1/0935/7620/0578/files/product-16870.jpg?v=1777105285"
"Plüss babajáték","15325504143746","Chicco Mom fa maci figura szett","1990.00","4","8058664184927","CHICZ-1491","CHICCO TOYS","https://toysland-9695.myshopify.com/products/chicco-mom-fa-maci-figura-szett-chicz-1491","https://cdn.shopify.com/s/files/1/0935/7620/0578/files/product-16875.jpg?v=1777105289"
"Akasztós babajáték","15325501456770","Chicco mosómedve babakocsi plüss függő játék","3990.00","2","8058664164820","CHICZ-1282","CHICCO TOYS","https://toysland-9695.myshopify.com/products/chicco-mosomedve-babakocsi-pluss-fuggo-jatek-chicz-1282","https://cdn.shopify.com/s/files/1/0935/7620/0578/files/product-14276.jpg?v=1777105168"
"Éjszakai fény és altató játék","15322390102402","Chicco Next 2 Stars projektoros éjszakai fény","13990.00","0","","CHICZ-0614","CHICCO TOYS","https://toysland-9695.myshopify.com/products/chicco-csillagkivetitos-ejszakai-feny","https://cdn.shopify.com/s/files/1/0935/7620/0578/files/product-10852_0682c0f3-83a4-4b4a-9d4e-af3136566e68.jpg?v=1776797730"
"Zenélő kiságyforgó","15325500506498","Chicco Next2Dreams kék zenélő kiságyforgó","16990.00","4","8058664089772","CHICZ-091","CHICCO TOYS","https://toysland-9695.myshopify.com/products/chicco-next2dreams-kek-zenelo-kisagyforgo-chicz-091","https://cdn.shopify.com/s/files/1/0935/7620/0578/files/product-10875.jpg?v=1777105128"
"Zenélő kiságyforgó","15325500637570","Chicco Next2Dreams szürke zenélő kiságyforgó","16990.00","5","8058664051946","CHICZ-0911","CHICCO TOYS","https://toysland-9695.myshopify.com/products/chicco-next2dreams-szurke-zenelo-kisagyforgo-chicz-0911","https://cdn.shopify.com/s/files/1/0935/7620/0578/files/foto_add-28963.jpg?v=1777105134"
"Plüss babajáték","15325502505346","Chicco nyuszi plüss játék rágókával","6990.00","0","8058664162734","CHICZ-06122","CHICCO TOYS","https://toysland-9695.myshopify.com/products/chicco-nyuszi-pluss-jatek-ragokaval-chicz-06122","https://cdn.shopify.com/s/files/1/0935/7620/0578/files/foto_add-46410.jpg?v=1777105218"
"Baba csörgő","15325500539266","Chicco nyuszis baba csörgő","4990.00","4","8058664097692","CHICZ-122","CHICCO TOYS","https://toysland-9695.myshopify.com/products/chicco-nyuszis-baba-csorgo-chicz-122","https://cdn.shopify.com/s/files/1/0935/7620/0578/files/product-11122.jpg?v=1777105129"
"Kültéri játék","15325500735874","Chicco Panda Boxing Coach felfújható boxjáték gyerekeknek","8990.00","6","8058664137428","CHICZ-17","CHICCO TOYS","https://toysland-9695.myshopify.com/products/chicco-panda-boxing-coach-felfujhato-boxjatek-gyerekeknek-chicz-17","https://cdn.shopify.com/s/files/1/0935/7620/0578/files/product-11683.jpg?v=1777105137"
"Éjszakai fény és altató játék","15325500375426","Chicco rózsaszín kiságy projektor babáknak","13990.00","1","","CHICZ-0613","CHICCO TOYS","https://toysland-9695.myshopify.com/products/chicco-rozsaszin-kisagy-projektor-babaknak-chicz-0613","https://cdn.shopify.com/s/files/1/0935/7620/0578/files/product-10818.jpg?v=1777105123"
"Éjszakai fény és altató játék","15325500342658","Chicco rózsaszín projektoros maci éjszakai fény","14990.00","0","8058664060351","CHICZ-0611","CHICCO TOYS","https://toysland-9695.myshopify.com/products/chicco-rozsaszin-projektoros-maci-ejszakai-feny-chicz-0611","https://cdn.shopify.com/s/files/1/0935/7620/0578/files/foto_add-26687.jpg?v=1777105122"
"Zenélő kiságyforgó","15325501424002","Chicco semleges Rainbow projektoros kiságyforgó","19990.00","11","8058664149254","CHICZ-0935","CHICCO TOYS","https://toysland-9695.myshopify.com/products/chicco-semleges-rainbow-projektoros-kisagyforgo-chicz-0935","https://cdn.shopify.com/s/files/1/0935/7620/0578/files/product-14238.jpg?v=1777105166"
"Baba csörgő","15325504340354","Chicco süni szenzoros baba csörgő","2990.00","0","8058664165889","CHICZ-1233","CHICCO TOYS","https://toysland-9695.myshopify.com/products/chicco-suni-szenzoros-baba-csorgo-chicz-1233","https://cdn.shopify.com/s/files/1/0935/7620/0578/files/product-17063.jpg?v=1777105304"
"Készségfejlesztő játék","15325504373122","Chicco színes rakosgató piramis játék","3990.00","0","8058664176984","CHICZ-16300","CHICCO TOYS","https://toysland-9695.myshopify.com/products/chicco-szines-rakosgato-piramis-jatek-chicz-16300","https://cdn.shopify.com/s/files/1/0935/7620/0578/files/product-17154.jpg?v=1777105305"
"Baba csörgő","15325504176514","Chicco tapadókorongos 2 az 1-ben baba csörgő","3990.00","0","8058664170876","CHICZ-1221","CHICCO TOYS","https://toysland-9695.myshopify.com/products/chicco-tapadokorongos-2-az-1-ben-baba-csorgo-chicz-1221","https://cdn.shopify.com/s/files/1/0935/7620/0578/files/product-16876.jpg?v=1777105290"
"Etetőszék játék","15325504307586","Chicco tapadókorongos forgó játék etetőszékre","3990.00","20","8058664104536","CHICZ-32","CHICCO TOYS","https://toysland-9695.myshopify.com/products/chicco-tapadokorongos-forgo-jatek-etetoszekre-chicz-32","https://cdn.shopify.com/s/files/1/0935/7620/0578/files/product-16971.jpg?v=1777105301"
"Baba csörgő","15325501555074","Chicco teknős fényes zenélő csörgő","4990.00","3","8058664165858","CHIC-7305","CHICCO TOYS","https://toysland-9695.myshopify.com/products/chicco-teknos-fenyes-zenelo-csorgo-chic-7305","https://cdn.shopify.com/s/files/1/0935/7620/0578/files/product-14307.jpg?v=1777105171"
"Baba csörgő","15325502439810","Chicco Tulip ECO+ baba csörgő","2990.00","2","8058664163397","CHIC-7310","CHICCO TOYS","https://toysland-9695.myshopify.com/products/chicco-tulip-eco-baba-csorgo-chic-7310","https://cdn.shopify.com/s/files/1/0935/7620/0578/files/product-15741.jpg?v=1777105216"
"Játszószőnyeg","15322392887682","Cirkuszos multifunkciós játszószőnyeg babáknak","15990.00","86","","TOYZ-1116","TOYZ","https://toysland-9695.myshopify.com/products/tobbfunkcios-keszsegfejleszto-jatszoszonyeg-cirkusz","https://cdn.shopify.com/s/files/1/0935/7620/0578/files/product-16109_e23d7cbc-c655-4c48-8508-c8e4289fd1f9.jpg?v=1776797803"
"Zenélő plüss babajáték","15322393117058","Coco koala zenélő plüss babajáték","4990.00","11","","ON-850","BABYONO","https://toysland-9695.myshopify.com/products/zenelo-doboz-alvoka-babaknak","https://cdn.shopify.com/s/files/1/0935/7620/0578/files/product-16199_0c3a730d-84c5-4f3b-b543-f6853608a5c1.jpg?v=1776797812"
"Játszószőnyeg","15322392953218","Dínós multifunkciós játszószőnyeg babáknak","15990.00","0","","TOYZ-1118","TOYZ","https://toysland-9695.myshopify.com/products/tobbfunkcios-keszsegfejleszto-jatszoszonyeg-dinoszauruszok","https://cdn.shopify.com/s/files/1/0935/7620/0578/files/product-16111_95f85cc6-6007-4b61-afd3-bcab3cfc46e5.jpg?v=1776797806"
"Éjszakai fény és altató játék","15322389840258","Dreamlight éjszakai fény babaszobába","7990.00","2","","CHICZ-051","CHICCO TOYS","https://toysland-9695.myshopify.com/products/dreamlight-night-vilagos","https://cdn.shopify.com/s/files/1/0935/7620/0578/files/product-10714_c8bd3fea-40e7-450e-afa5-51c42e0c6b12.jpg?v=1776797720"
"Interaktív fejlesztő játék","15322391085442","Elefántos játék telefon fejlesztő babajáték","1990.00","13","","TOYZ-9004","TOYZ","https://toysland-9695.myshopify.com/products/interaktiv-keszsegfejleszto-baba-jatek-phone-elefant","https://cdn.shopify.com/s/files/1/0935/7620/0578/files/product-13892_1bd457a7-d580-4104-9f5b-9240d623fbd2.jpg?v=1776797753"
"Játszószőnyeg","15322393051522","Elefántos multifunkciós játszószőnyeg babáknak","15990.00","169","","TOYZ-1120","TOYZ","https://toysland-9695.myshopify.com/products/tobbfunkcios-keszsegfejleszto-jatszoszonyeg-elephants","https://cdn.shopify.com/s/files/1/0935/7620/0578/files/product-16113_9fdd1fa6-d5a9-4a1b-bbd2-1c27e6ae68df.jpg?v=1776797809"
"Plüss babajáték","15322389217666","Elefántos sípolós velúr plüss játék babáknak","4990.00","0","","ON-316","BABYONO","https://toysland-9695.myshopify.com/products/pluss-sipolo-jatek-babaknak-elefant","https://cdn.shopify.com/s/files/1/0935/7620/0578/files/product-1343_c9a4a028-c92b-4d23-bb24-96b72599757d.jpg?v=1776797701"
"Zenélő fejlesztő játék","15322394493314","Első xilofon zenélő fejlesztő játék gyerekeknek","4990.00","5","","CHICZ-16370","CHICCO TOYS","https://toysland-9695.myshopify.com/products/fa-xilofon-hangszer-gyerekeknek","https://cdn.shopify.com/s/files/1/0935/7620/0578/files/product-17155_7130b973-e8ab-4c22-9ac0-1868f6482bcb.jpg?v=1776797858"
"Fürdőjáték","15322390888834","Farmos fürdőjáték szett babáknak","1990.00","27","","AKUKU-6901","AKUKU","https://toysland-9695.myshopify.com/products/furdojatek-szett-kadba-farm-a0168","https://cdn.shopify.com/s/files/1/0935/7620/0578/files/product-13868_4cb4d6bb-712c-41a4-a0e3-83e68749f389.jpg?v=1776797748"
"Zenélő fejlesztő játék","15322391216514","Farmos játék zongora fejlesztő babajáték","3990.00","383","","TOYZ-9000","TOYZ","https://toysland-9695.myshopify.com/products/interaktiv-keszsegfejleszto-baba-jatek-farm-piano","https://cdn.shopify.com/s/files/1/0935/7620/0578/files/product-13895_11f49a90-db27-452d-9872-c0602131d01f.jpg?v=1776797756"
"Akasztós babajáték","15322392428930","Fekete fehér akasztós cica plüss babajáték","2990.00","23","","AKUKU-99994","AKUKU","https://toysland-9695.myshopify.com/products/babakocsi-logo-jatek","https://cdn.shopify.com/s/files/1/0935/7620/0578/files/product-15633_4809227e-9cb0-48b4-8047-d5826e6a3a39.jpg?v=1776797789"
"Szenzoros labda","15322390528386","Fekete fehér puha szenzoros baba labda szett, 4 db","2990.00","11","","AKUKU-6930","AKUKU","https://toysland-9695.myshopify.com/products/a0469-puha-sensory-balls-fekete-feher-4-db","https://cdn.shopify.com/s/files/1/0935/7620/0578/files/product-11921_306f6821-9531-43e7-90be-7faadf9e6076.jpg?v=1776797738"
"Spirálos babakocsi játék","15322393248130","Fekete fehér rókás spirálos fejlesztő babajáték","4990.00","351","","SILLOZ-0350","SENSILLO","https://toysland-9695.myshopify.com/products/keszsegfejleszto-spiral-babakocsira-roka","https://cdn.shopify.com/s/files/1/0935/7620/0578/files/product-16535_b872ffc1-de45-43ed-a15f-69b04d7b5b71.jpg?v=1776797818"
"Akasztós babajáték","15322390757762","Fekete fehér tehén akasztós plüss babajáték","2990.00","25","","AKUKU-14031","AKUKU","https://toysland-9695.myshopify.com/products/felakaszthato-pluss-jatek-babakocsira-cow_black-feher","https://cdn.shopify.com/s/files/1/0935/7620/0578/files/product-12690_ff2fe0e4-3f03-453f-99b6-cf9be337fee5.jpg?v=1776797744"
"Baba csörgő","15295041470850","Fisher-Price: Rázd meg és ragyogj! – Szenzoros Napocska csörgő","4990.00","1","","","ToysLand","https://toysland-9695.myshopify.com/products/fisher-price-razd-meg-es-ragyogj-szenzoros-napocska-csorgo","https://cdn.shopify.com/s/files/1/0935/7620/0578/files/Nevtelenterv_74.jpg?v=1773567172"
"Készségfejlesztő játék","15322393575810","Formaválogató kocka fejlesztő játék gyerekeknek","3990.00","342","","TOYZ-9027","TOYZ","https://toysland-9695.myshopify.com/products/formabedobo-kocka-keszsegfejleszto-jatek","https://cdn.shopify.com/s/files/1/0935/7620/0578/files/product-16841_dcc720c5-424b-41ae-bd9b-2df3ebed7a25.jpg?v=1776797826"
"Fürdőjáték","15322389381506","Fürdőjáték szett babáknak, 4 db","1990.00","32","","AKUKU-69","AKUKU","https://toysland-9695.myshopify.com/products/furdojatek-szett-kadba-4-db","https://cdn.shopify.com/s/files/1/0935/7620/0578/files/product-2211_ad616aff-6a46-4f97-a55f-07057358ab83.jpg?v=1776797705"
"Fürdőjáték","15322389414274","Fürdőjáték szett babáknak, 5 db","1990.00","43","","AKUKU-690","AKUKU","https://toysland-9695.myshopify.com/products/furdojatek-szett-kadba-5-db","https://cdn.shopify.com/s/files/1/0935/7620/0578/files/product-2212_49ddaa39-f7a2-445f-826b-f930c9f5e910.jpg?v=1776797707"
"Mozgásfejlesztő játék","15322391675266","Golf Safari 3 az 1-ben fejlesztő játék gyerekeknek","5990.00","0","","CHICZ-1638","CHICCO TOYS","https://toysland-9695.myshopify.com/products/162468-golf-szafari-3in1","https://cdn.shopify.com/s/files/1/0935/7620/0578/files/product-14350_861bb205-ff7a-4840-933d-b5f0de1ca6fb.jpg?v=1776797769"
"Mozgásfejlesztő játék","15322394034562","Hippi bébitaxi gyerekeknek","7990.00","0","","CHICZ-1832","CHICCO TOYS","https://toysland-9695.myshopify.com/products/bebitaxi-gyerekeknek","https://cdn.shopify.com/s/files/1/0935/7620/0578/files/product-16878_e415f100-512d-4bf7-8ed9-74286c17cb01.jpg?v=1776797844"
"Játszószőnyeg","15322392985986","Indián mintás multifunkciós játszószőnyeg babáknak","15990.00","34","","TOYZ-1119","TOYZ","https://toysland-9695.myshopify.com/products/tobbfunkcios-keszsegfejleszto-jatszoszonyeg-indianok","https://cdn.shopify.com/s/files/1/0935/7620/0578/files/product-16112_4251a209-cb94-4879-82fa-45a353dd0a35.jpg?v=1776797808"
"Interaktív fejlesztő játék","15322392691074","Játék fényképezőgép babáknak","12990.00","1","","CHICZ-1841","CHICCO TOYS","https://toysland-9695.myshopify.com/products/interaktiv-zenelo-fenykepezogep-jatek","https://cdn.shopify.com/s/files/1/0935/7620/0578/files/product-15768_b5229697-e8c4-431d-a67a-1d82d7081f4e.jpg?v=1776797796"
"Interaktív fejlesztő játék","15322391380354","Játék kontroller fejlesztő babajáték","2990.00","124","","TOYZ-9011","TOYZ","https://toysland-9695.myshopify.com/products/interaktiv-keszsegfejleszto-baba-jatek-controller","https://cdn.shopify.com/s/files/1/0935/7620/0578/files/product-14207_4c863ba6-3e24-41f8-9eaa-54f3dd64f70c.jpg?v=1776797761"
"Interaktív fejlesztő játék","15322391118210","Játék kormány fejlesztő babajáték","3990.00","239","","TOYZ-9006","TOYZ","https://toysland-9695.myshopify.com/products/interaktiv-keszsegfejleszto-baba-jatek-steering-wheel","https://cdn.shopify.com/s/files/1/0935/7620/0578/files/product-13894_9f2a60a3-31b4-4e7b-be99-13bdf7b3386a.jpg?v=1776797754"
"Interaktív fejlesztő játék","15322392297858","Játék távirányító fejlesztő babajáték","2990.00","60","","TOYZ-9012","TOYZ","https://toysland-9695.myshopify.com/products/interaktiv-keszsegfejleszto-baba-jatek-remote-control","https://cdn.shopify.com/s/files/1/0935/7620/0578/files/product-15622_21d8f130-bf53-4313-81d1-e74af3559abd.jpg?v=1776797784"
"Játékok","15262884987266","KalandTáska – Montessori Matatókönyv és Táska (Képernyőmentes Fejlesztő Játék) - Dinoszaurusz kék","9990.00","100","","","ToysLand","https://toysland-9695.myshopify.com/products/kalandtaska-montessori-matatokonyv-es-taska-kepernyomentes-fejleszto-jatek","https://cdn.shopify.com/s/files/1/0935/7620/0578/files/kalandtaska-montessori-matatotaska-toysland.png?v=1770544712"
"Játékok","15262884987266","KalandTáska – Montessori Matatókönyv és Táska (Képernyőmentes Fejlesztő Játék) - Sellő rózsaszín","9990.00","99","","","ToysLand","https://toysland-9695.myshopify.com/products/kalandtaska-montessori-matatokonyv-es-taska-kepernyomentes-fejleszto-jatek","https://cdn.shopify.com/s/files/1/0935/7620/0578/files/kalandtaska-montessori-matatotaska-toysland.png?v=1770544712"
"Éjszakai fény és altató játék","15322390036866","Kék Good Night maci éjszakai fény","8990.00","4","","CHICZ-06115","CHICCO TOYS","https://toysland-9695.myshopify.com/products/079711-goodnight-maci-kek","https://cdn.shopify.com/s/files/1/0935/7620/0578/files/product-10840_3ab9aa73-88a1-4ef4-935e-9dc6c4a90cb0.jpg?v=1776797728"
"Plüss babajáték","15322393870722","Kék plüss maci babáknak","9990.00","2","","CHICZ-12463","CHICCO TOYS","https://toysland-9695.myshopify.com/products/184637-teddy-maci-kek","https://cdn.shopify.com/s/files/1/0935/7620/0578/files/product-16869_ed4fbcad-1230-4770-812a-1ae861df2dba.jpg?v=1776797839"
"Éjszakai fény és altató játék","15322389873026","Kék projektoros maci éjszakai fény babaszobába","14990.00","8","","CHICZ-061","CHICCO TOYS","https://toysland-9695.myshopify.com/products/060368-maci-with-projector-kek","https://cdn.shopify.com/s/files/1/0935/7620/0578/files/product-10781_776fa1d6-f1fb-477c-a59c-b349224aad62.jpg?v=1776797722"
"Baba csörgő","15322390233474","Kulcsos baba csörgő","2990.00","0","","CHIC-73","CHICCO","https://toysland-9695.myshopify.com/products/zenelo-kulcscsomo-csorgo","https://cdn.shopify.com/s/files/1/0935/7620/0578/files/product-11049_a7a447cc-dc26-4ea9-b44f-e76e78960ebc.jpg?v=1776797733"
"Játszószőnyeg","15322391019906","Lámás multifunkciós játszószőnyeg babáknak","15990.00","0","","TOYZ-1110","TOYZ","https://toysland-9695.myshopify.com/products/tobbfunkcios-keszsegfejleszto-jatszoszonyeg-lamak","https://cdn.shopify.com/s/files/1/0935/7620/0578/files/product-13880_a3db403a-2f6d-4428-8244-b8b55fcd6cf2.jpg?v=1776797750"
"Plüss babajáték","15322394395010","Macis fejlesztő babajáték","6990.00","7","","CHICZ-12121","CHICCO TOYS","https://toysland-9695.myshopify.com/products/187805-educational-maci","https://cdn.shopify.com/s/files/1/0935/7620/0578/files/product-17133_1445175d-d62a-4653-b8f0-e7f629c36984.jpg?v=1776797855"
"Játék","15172124574082","Mágneses Építőkockák - Pixeles Kalandvilág","11990.00","0","","TL-002","ToysLand","https://toysland-9695.myshopify.com/products/magneses-epitokockak-pixeles-kalandvilag","https://cdn.shopify.com/s/files/1/0935/7620/0578/files/magnecraft_epitokocka.avif?v=1762678546"
"Kirakó","15295040323970","Mancs Őrjárat: 30 Darabos Prémium Fa Kirakós (24x20 cm)","4990.00","1","","","ToysLand","https://toysland-9695.myshopify.com/products/mancs-orjarat-30-darabos-premium-fa-kirakos-24x20-cm","https://cdn.shopify.com/s/files/1/0935/7620/0578/files/Nevtelen_terv_73.jpg?v=1773566360"
"Építőjáték","15295054872962","Mega Bloks: Vidám Corgi Kutyus – Építőjáték és Tároló egyben","5990.00","6","","","ToysLand","https://toysland-9695.myshopify.com/products/mega-bloks-vidam-corgi-kutyus-epitojatek-es-tarolo-egyben","https://cdn.shopify.com/s/files/1/0935/7620/0578/files/Mega_Bloks_allatos_Vodor_Corgi_Kutyus_HDK81_GCT46_04.jpg?v=1773571791"
"Készségfejlesztő játék","15322394362242","Menta piramis rakosgató fejlesztő játék","3990.00","22","","ON-711","BABYONO","https://toysland-9695.myshopify.com/products/interaktiv-keszsegfejleszto-baba-jatek-898-02-educational-toy-pyramid-menta","https://cdn.shopify.com/s/files/1/0935/7620/0578/files/product-17068_1e7c5138-6d7e-4b07-a14d-f4336db55f76.jpg?v=1776797854"
"Zenélő fejlesztő játék","15322394132866","Mike játék mikrofon gyerekeknek","5990.00","1","","CHICZ-1442","CHICCO TOYS","https://toysland-9695.myshopify.com/products/interaktiv-zenelo-mikrofon-gyerekeknek","https://cdn.shopify.com/s/files/1/0935/7620/0578/files/product-16882_06f86049-2235-4082-8f97-ceace6cf25fb.jpg?v=1776797847"
"Bébijáró és aktivitásközpont","15322392592770","Multifunkciós bébijáró fejlesztő játék","18990.00","71","","TOYZ-9017","TOYZ","https://toysland-9695.myshopify.com/products/interaktiv-keszsegfejleszto-baba-jatek-multifunctional-walker","https://cdn.shopify.com/s/files/1/0935/7620/0578/files/product-15738_6d2f9c46-ae7c-4714-b6f4-686db25145c9.jpg?v=1776797793"
"Játékbaba","15322393936258","My Little Doll szívecskés játékbaba","5990.00","0","","CHICZ-312","CHICCO TOYS","https://toysland-9695.myshopify.com/products/jatekbaba-kiegeszitokkel","https://cdn.shopify.com/s/files/1/0935/7620/0578/files/product-16873_f40f8b73-6ece-46c2-8477-1254151d8fc1.jpg?v=1776797840"
"Játszószőnyeg","15322391445890","Narancssárga állatkertes játszószőnyeg babáknak","8990.00","13","","TOYZ-9203","TOYZ","https://toysland-9695.myshopify.com/products/interaktiv-keszsegfejleszto-baba-jatek-allatkert-mat-narancssarga","https://cdn.shopify.com/s/files/1/0935/7620/0578/files/product-14220_a29b15f6-962f-4fbe-9ae9-09bc93a9956f.jpg?v=1776797763"
"Szenzoros babakönyv","15322392002946","Nature szenzoros babakönyv","4990.00","45","","ON-739","BABYONO","https://toysland-9695.myshopify.com/products/szenzoros-textil-babakonyv-matatokonyv","https://cdn.shopify.com/s/files/1/0935/7620/0578/files/product-14887_e63b520a-9302-4f16-b0d6-40a1ffc27484.jpg?v=1776797776"
"Zenélő kiságyforgó","15322390167938","Next2Dream rózsaszín zenélő kiságyforgó babáknak","16990.00","27","","CHICZ-09","CHICCO TOYS","https://toysland-9695.myshopify.com/products/zenelo-forgo-kisagyra","https://cdn.shopify.com/s/files/1/0935/7620/0578/files/product-10874_b70d83c1-c815-4719-a53c-8499011d116f.jpg?v=1776797732"
"Fejlesztő babajáték","15322391282050","Pillangós fejlesztő babajáték","1990.00","143","","TOYZ-9009","TOYZ","https://toysland-9695.myshopify.com/products/interaktiv-keszsegfejleszto-baba-jatek-pillango","https://cdn.shopify.com/s/files/1/0935/7620/0578/files/product-14199_7761b1c2-877b-40f3-92f7-4a4142b977ff.jpg?v=1776797758"
"Plüss babajáték","15322393706882","Plüss maci menta pocakkal babáknak","9990.00","5","","CHICZ-12461","CHICCO TOYS","https://toysland-9695.myshopify.com/products/178438-teddy-maci-menta-belly","https://cdn.shopify.com/s/files/1/0935/7620/0578/files/product-16867_ddf8c17a-3d6d-4032-9c77-ac1e23293101.jpg?v=1776797836"
"Plüss babajáték","15322393837954","Plüss maci rózsaszín pocakkal babáknak","9990.00","6","","CHICZ-12462","CHICCO TOYS","https://toysland-9695.myshopify.com/products/184620-teddy-maci-rozsaszin-belly","https://cdn.shopify.com/s/files/1/0935/7620/0578/files/product-16868_c6ca5ed3-b413-4502-afa2-737ebb43e837.jpg?v=1776797837"
"Éjszakai fény és altató játék","15322389905794","Projektoros maci éjszakai fény babaszobába","14990.00","0","","CHICZ-06","CHICCO TOYS","https://toysland-9695.myshopify.com/products/106349-maci-with-projector","https://cdn.shopify.com/s/files/1/0935/7620/0578/files/product-10787_3b6596cd-6dd1-44ab-b48b-36462066d3cd.jpg?v=1776797724"
"Szenzoros labda","15322391544194","Puha baba labda","2990.00","5","","CHICZ-130","CHICCO TOYS","https://toysland-9695.myshopify.com/products/164844-puha-ball","https://cdn.shopify.com/s/files/1/0935/7620/0578/files/product-14275_51a4fc6c-0d1b-482f-9647-090706015e2b.jpg?v=1776797766"
"Plüss babajáték","15322392068482","Puha cica plüss játék babáknak","10990.00","14","","CHICZ-06121","CHICCO TOYS","https://toysland-9695.myshopify.com/products/164868-putty-cica","https://cdn.shopify.com/s/files/1/0935/7620/0578/files/product-14955_d4c26a16-32e4-48f8-aa1c-90ec6f34b98a.jpg?v=1776797777"
"Plüss babajáték","15322390856066","Puha plüss kalapács babajáték","1990.00","34","","AKUKU-140326","AKUKU","https://toysland-9695.myshopify.com/products/puha-pluss-jatek-babaknak","https://cdn.shopify.com/s/files/1/0935/7620/0578/files/product-13691_e88771fb-ba91-43e5-9c4a-390bb8df7027.jpg?v=1776797747"
"Szenzoros labda","15322391839106","Puha szenzoros baba labda szett","2990.00","40","","AKUKU-69300","AKUKU","https://toysland-9695.myshopify.com/products/a0640-szett-of-puha-sensory-balls","https://cdn.shopify.com/s/files/1/0935/7620/0578/files/product-14661_5a76646c-e79b-4ec3-ad6f-3406c7d595d3.jpg?v=1776797773"
"Mozgásfejlesztő játék","15322392756610","Push and Go lovacska gurulós játék gyerekeknek","4990.00","0","","CHICZ-260","CHICCO TOYS","https://toysland-9695.myshopify.com/products/lendkerekes-tologathato-jatek-lo","https://cdn.shopify.com/s/files/1/0935/7620/0578/files/product-15931_deb09a1c-1460-4ca9-9a43-93e6cc96b32a.jpg?v=1776797799"
"Éjszakai fény és altató játék","15322389807490","Rózsaszín éjszakai fény babaszobába","7990.00","7","","CHICZ-05","CHICCO TOYS","https://toysland-9695.myshopify.com/products/111381-fd-night-vilagos-rozsaszin","https://cdn.shopify.com/s/files/1/0935/7620/0578/files/product-10713_d6a904ed-f8b4-40e4-ad7d-f28cc36457fc.jpg?v=1776797718"
"Éjszakai fény és altató játék","15322390004098","Rózsaszín Good Night maci éjszakai fény","8990.00","20","","CHICZ-06114","CHICCO TOYS","https://toysland-9695.myshopify.com/products/079704-good-night-maci-rozsaszin","https://cdn.shopify.com/s/files/1/0935/7620/0578/files/product-10839_ad035dfe-5f89-47c1-9926-4ca54b2b46d2.jpg?v=1776797726"
"Akasztós babajáték","15325503684994","Sensillo békás babakocsi körforgó játék","3990.00","213","5903076320162","SILLOZ-0540","SENSILLO","https://toysland-9695.myshopify.com/products/sensillo-bekas-babakocsi-korforgo-jatek-silloz-0540","https://cdn.shopify.com/s/files/1/0935/7620/0578/files/product-16546.jpg?v=1777105272"
"Szenzoros babakönyv","15325503390082","Sensillo fekete-fehér baglyos textil babakönyv","2990.00","619","5903076320261","SILLOZ-0371","SENSILLO","https://toysland-9695.myshopify.com/products/sensillo-fekete-feher-baglyos-textil-babakonyv-silloz-0371","https://cdn.shopify.com/s/files/1/0935/7620/0578/files/product-16531.jpg?v=1777105258"
"Szenzoros babakönyv","15325503357314","Sensillo fekete-fehér delfines textil babakönyv","4990.00","224","5903076320254","SILLOZ-0370","SENSILLO","https://toysland-9695.myshopify.com/products/sensillo-fekete-feher-delfines-textil-babakonyv-silloz-0370","https://cdn.shopify.com/s/files/1/0935/7620/0578/files/product-16530.jpg?v=1777105255"
"Baba csörgő","15325503324546","Sensillo fekete-fehér maci baba csörgő","2990.00","362","5903076320049","SILLOZ-0301","SENSILLO","https://toysland-9695.myshopify.com/products/sensillo-fekete-feher-maci-baba-csorgo-silloz-0301","https://cdn.shopify.com/s/files/1/0935/7620/0578/files/product-16526.jpg?v=1777105253"
"Baba csörgő","15325503259010","Sensillo fekete-fehér oroszlán baba csörgő","1990.00","608","5903076320056","SILLOZ-030","SENSILLO","https://toysland-9695.myshopify.com/products/sensillo-fekete-feher-oroszlan-baba-csorgo-silloz-030","https://cdn.shopify.com/s/files/1/0935/7620/0578/files/product-16524.jpg?v=1777105248"
"Baba csörgő","15325503291778","Sensillo fekete-fehér tehén baba csörgő","2990.00","580","5903076320445","SILLOZ-0300","SENSILLO","https://toysland-9695.myshopify.com/products/sensillo-fekete-feher-tehen-baba-csorgo-silloz-0300","https://cdn.shopify.com/s/files/1/0935/7620/0578/files/product-16525.jpg?v=1777105250"
"Akasztós babajáték","15325503226242","Sensillo Jungle babakocsi fejlesztő rúd","5990.00","54","5903076320155","SILLOZ-0552","SENSILLO","https://toysland-9695.myshopify.com/products/sensillo-jungle-babakocsi-fejleszto-rud-silloz-0552","https://cdn.shopify.com/s/files/1/0935/7620/0578/files/product-16523.jpg?v=1777105246"
"Akasztós babajáték","15325503750530","Sensillo rákos babakocsi körforgó játék","4990.00","112","5903076320179","SILLOZ-0541","SENSILLO","https://toysland-9695.myshopify.com/products/sensillo-rakos-babakocsi-korforgo-jatek-silloz-0541","https://cdn.shopify.com/s/files/1/0935/7620/0578/files/product-16547.jpg?v=1777105273"
"Spirálos babakocsi játék","15325503783298","Sensillo rókás színes spirálos fejlesztő babajáték","4990.00","487","5903076320087","SILLOZ-0530","SENSILLO","https://toysland-9695.myshopify.com/products/sensillo-rokas-szines-spiralos-fejleszto-babajatek-silloz-0530","https://cdn.shopify.com/s/files/1/0935/7620/0578/files/product-16548.jpg?v=1777105275"
"Baba csörgő","15325503586690","Sensillo színes kacsás utazó csörgő","4990.00","539","5903076320285","SILLOZ-0501","SENSILLO","https://toysland-9695.myshopify.com/products/sensillo-szines-kacsas-utazo-csorgo-silloz-0501","https://cdn.shopify.com/s/files/1/0935/7620/0578/files/product-16543.jpg?v=1777105267"
"Baba csörgő","15325503619458","Sensillo színes madaras utazó csörgő","4990.00","607","5903076320292","SILLOZ-0502","SENSILLO","https://toysland-9695.myshopify.com/products/sensillo-szines-madaras-utazo-csorgo-silloz-0502","https://cdn.shopify.com/s/files/1/0935/7620/0578/files/product-16544.jpg?v=1777105268"
"Baba csörgő","15325503553922","Sensillo színes nyuszis utazó csörgő","3990.00","450","5903076320278","SILLOZ-0500","SENSILLO","https://toysland-9695.myshopify.com/products/sensillo-szines-nyuszis-utazo-csorgo-silloz-0500","https://cdn.shopify.com/s/files/1/0935/7620/0578/files/product-16542.jpg?v=1777105265"
"Baba csörgő","15325503652226","Sensillo színes pillangós utazó csörgő","4990.00","78","5903076320308","SILLOZ-0503","SENSILLO","https://toysland-9695.myshopify.com/products/sensillo-szines-pillangos-utazo-csorgo-silloz-0503","https://cdn.shopify.com/s/files/1/0935/7620/0578/files/foto_add-52571.jpg?v=1777105272"
"Plüss babajáték","15322389610882","Sofia bagoly rezgő plüss babajáték","2990.00","7","","ON-651","BABYONO","https://toysland-9695.myshopify.com/products/rezgo-pluss-jatek-babaknak","https://cdn.shopify.com/s/files/1/0935/7620/0578/files/product-5046_ef2488af-8a46-40bb-8040-38c080770cb1.jpg?v=1776797712"
"Baba csörgő","15322392658306","Süni tamburin zenélő fejlesztő játék","1990.00","2","","CHICZ-16371","CHICCO TOYS","https://toysland-9695.myshopify.com/products/csorgodob-baba-hangszer","https://cdn.shopify.com/s/files/1/0935/7620/0578/files/product-15763_7ebe6ad2-136d-4bac-b54b-8bd495508a10.jpg?v=1776797795"
"Vízi játék","15295041831298","Swimways Prémium Beülős Baba úszógumi – Biztonságos Csobbanás","7990.00","1","","","ToysLand","https://toysland-9695.myshopify.com/products/swimways-premium-beulos-baba-uszogumi-biztonsagos-csobbanas","https://cdn.shopify.com/s/files/1/0935/7620/0578/files/91F98w0CgRL._AC_SL1500.jpg?v=1773567556"
"Játszószőnyeg","15322391708034","Szafari multifunkciós játszószőnyeg babáknak","15990.00","111","","TOYZ-1114","TOYZ","https://toysland-9695.myshopify.com/products/tobbfunkcios-keszsegfejleszto-jatszoszonyeg-szafari","https://cdn.shopify.com/s/files/1/0935/7620/0578/files/product-14489_a79880cd-e231-496a-bac1-72e426e9053d.jpg?v=1776797770"
"Szenzoros labda","15322390921602","Szenzoros baba labda szett","4990.00","27","","AKUKU-693","AKUKU","https://toysland-9695.myshopify.com/products/a0452-sensory-balls-szett","https://cdn.shopify.com/s/files/1/0935/7620/0578/files/product-13878_d0d6d90d-b1c5-4f58-bb1f-20b413668f50.jpg?v=1776797750"
"Szenzoros labda","15322391937410","Szenzoros baba labda szett, 6 db","4990.00","12","","ON-3582","BABYONO","https://toysland-9695.myshopify.com/products/1530-sensory-balls-szett-of-6pcs","https://cdn.shopify.com/s/files/1/0935/7620/0578/files/foto_add-42296_c0fd76a6-dc1d-426d-a031-d738322631d7.jpg?v=1776797775"
"Készségfejlesztő játék","15322393084290","Szenzoros kocka fejlesztő babajáték","6990.00","0","","ON-862","BABYONO","https://toysland-9695.myshopify.com/products/szenzoros-matatokocka-babaknak","https://cdn.shopify.com/s/files/1/0935/7620/0578/files/product-16175_7a543026-ff80-454f-9a8b-dc207dc550ba.jpg?v=1776797811"
"Készségfejlesztő játék","15322394165634","Szenzoros kocka fejlesztő babajáték","7990.00","386","","TOYZ-9028","TOYZ","https://toysland-9695.myshopify.com/products/interaktiv-keszsegfejleszto-baba-jatek-sensory-cube-0556","https://cdn.shopify.com/s/files/1/0935/7620/0578/files/product-16917_b32c6d4f-f85b-48a0-b242-62c9e39d607d.jpg?v=1776797849"
"Fürdőjáték","15322394657154","Szilikon fürdőjáték szett babáknak","2990.00","32","","AKUKU-6903","AKUKU","https://toysland-9695.myshopify.com/products/furdojatek-szett-kadba-a0711-silicone-bath-toys","https://cdn.shopify.com/s/files/1/0935/7620/0578/files/product-17509.jpg?v=1776797864"
"Spirálos babakocsi játék","15322390561154","Színes baglyos spirálos fejlesztő babajáték","4990.00","748","","SILLOZ-041","SENSILLO","https://toysland-9695.myshopify.com/products/keszsegfejleszto-spiral-babakocsira-bagoly","https://cdn.shopify.com/s/files/1/0935/7620/0578/files/product-11969_21240548-b463-4d39-b2de-f28a638bc76a.jpg?v=1776797739"
"Bowling játék","15322392723842","Színes bowling játék gyerekeknek","9990.00","2","","CHICZ-148","CHICCO TOYS","https://toysland-9695.myshopify.com/products/826798-szines-bowling","https://cdn.shopify.com/s/files/1/0935/7620/0578/files/product-15774_c584c706-185d-4052-bbb4-f348a14234f1.jpg?v=1776797798"
"Spirálos babakocsi játék","15322393477506","Színes dínós spirálos fejlesztő babajáték","4990.00","360","","SILLOZ-0533","SENSILLO","https://toysland-9695.myshopify.com/products/keszsegfejleszto-spiral-babakocsira-dino","https://cdn.shopify.com/s/files/1/0935/7620/0578/files/product-16551_283d7f5b-b90c-44fc-80fc-221b27da831c.jpg?v=1776797824"
"Készségfejlesztő játék","15322394067330","Színes fejlesztő babajáték","5990.00","5","","CHICZ-1611","CHICCO TOYS","https://toysland-9695.myshopify.com/products/177769-educational-coloured-tips","https://cdn.shopify.com/s/files/1/0935/7620/0578/files/product-16880_ad2b1db9-a0a2-4480-9e00-fa68108dfb32.jpg?v=1776797846"
"Spirálos babakocsi játék","15322393346434","Színes oroszlános spirálos fejlesztő babajáték","4990.00","338","","SILLOZ-0531","SENSILLO","https://toysland-9695.myshopify.com/products/keszsegfejleszto-spiral-babakocsira-oroszlan","https://cdn.shopify.com/s/files/1/0935/7620/0578/files/product-16549_950818d9-d293-49b1-bc03-8c2d99da10de.jpg?v=1776797820"
"Spirálos babakocsi játék","15322390593922","Színes polipos spirálos fejlesztő babajáték","3990.00","662","","SILLOZ-042","SENSILLO","https://toysland-9695.myshopify.com/products/keszsegfejleszto-spiral-babakocsira-polip","https://cdn.shopify.com/s/files/1/0935/7620/0578/files/product-11970_ef2b7ab5-c10c-46b2-ad5b-4fcbfa404292.jpg?v=1776797740"
"Spirálos babakocsi játék","15322393444738","Színes sellős spirálos fejlesztő babajáték","4990.00","385","","SILLOZ-0532","SENSILLO","https://toysland-9695.myshopify.com/products/keszsegfejleszto-spiral-babakocsira-sello","https://cdn.shopify.com/s/files/1/0935/7620/0578/files/product-16550_06c9f0ad-95d2-43cb-b784-56ba1d38fed1.jpg?v=1776797822"
"Zenélő fejlesztő játék","15322391347586","Szivárvány játék cintányér fejlesztő zenélő játék","4990.00","260","","TOYZ-9008","TOYZ","https://toysland-9695.myshopify.com/products/interaktiv-keszsegfejleszto-baba-jatek-szivarvany-cymbals","https://cdn.shopify.com/s/files/1/0935/7620/0578/files/product-14206_d455d510-5de3-406e-9d06-cec3d4ca4cb7.jpg?v=1776797760"
"Szenzoros labda","15322392363394","Tolható labdagyűjtő fejlesztő játék gyerekeknek","6990.00","107","","TOYZ-9022","TOYZ","https://toysland-9695.myshopify.com/products/tologatos-jarassegito-keszsegfejleszto-jatek","https://cdn.shopify.com/s/files/1/0935/7620/0578/files/product-15624_b8da26f6-7445-4a56-8420-3ae5be18de39.jpg?v=1776797787"
"Fejlesztő babajáték","15325503881602","Toyz Astro interaktív fejlesztő asztal","9990.00","224","5903076322081","TOYZ-9025","TOYZ","https://toysland-9695.myshopify.com/products/toyz-astro-interaktiv-fejleszto-asztal-toyz-9025","https://cdn.shopify.com/s/files/1/0935/7620/0578/files/product-16839.jpg?v=1777105280"
"Bébijáró és aktivitásközpont","15322391511426","Toyz BabyWalk Tologatós Járássegítő Babáknak","16990.00","238","","TOYZ-2010","TOYZ","https://toysland-9695.myshopify.com/products/tologatos-jarassegito-babaknak","https://cdn.shopify.com/s/files/1/0935/7620/0578/files/jarassegito.jpg?v=1780765089"
"Zenélő fejlesztő játék","15322392199554","Toyz buszos játék cintányér fejlesztő zenélő játék","5990.00","0","","TOYZ-9023","TOYZ","https://toysland-9695.myshopify.com/products/interaktiv-keszsegfejleszto-baba-jatek-cymbals-bus","https://cdn.shopify.com/s/files/1/0935/7620/0578/files/product-15447_7a8d1b42-8a52-4ae0-a54a-c2ba448d86db.jpg?v=1776797781"
"Akasztós babajáték","15325502144898","Toyz Cosmos babakocsi fejlesztő rúd","7990.00","39","5908310397924","TOYZ-9112","TOYZ","https://toysland-9695.myshopify.com/products/toyz-cosmos-babakocsi-fejleszto-rud-toyz-9112","https://cdn.shopify.com/s/files/1/0935/7620/0578/files/foto_add-44879.jpg?v=1777105201"
"Fejlesztő babajáték","15325500244354","Toyz Falla kék matatóasztal, interaktív fejlesztő játék 18 hónapos kortól","5490.00","15","5908310387130","TOYZ-2086","TOYZ","https://toysland-9695.myshopify.com/products/toyz-falla-kek-interaktiv-fejleszto-asztal-toyz-2086","https://cdn.shopify.com/s/files/1/0935/7620/0578/files/Toyz_Falla_kek_matatoasztal_interaktiv_fejleszto_jatek_18_honapos_kortol_eb0280b6-7a24-4246-8458-4bffd7e62928.png?v=1780945368"
"Kültéri játék","15325502308738","Toyz Farm gyerek trambulin kapaszkodóval","27990.00","0","5908310397252","TOYZ-8002","TOYZ","https://toysland-9695.myshopify.com/products/toyz-farm-gyerek-trambulin-kapaszkodoval-toyz-8002","https://cdn.shopify.com/s/files/1/0935/7620/0578/files/product-15720.jpg?v=1777105210"
"Interaktív fejlesztő játék","15325504274818","Toyz hordozható interaktív tanulókonzol","2990.00","455","5903076322098","TOYZ-9026","TOYZ","https://toysland-9695.myshopify.com/products/toyz-hordozhato-interaktiv-tanulokonzol-toyz-9026","https://cdn.shopify.com/s/files/1/0935/7620/0578/files/product-16916.jpg?v=1777105298"
"Interaktív fejlesztő játék","15322392330626","Toyz interaktív játék okostelefon babáknak","2990.00","0","","TOYZ-9013","TOYZ","https://toysland-9695.myshopify.com/products/interaktiv-keszsegfejleszto-baba-jatek-smartphone","https://cdn.shopify.com/s/files/1/0935/7620/0578/files/product-15623_56958794-9a0c-4839-ab80-5cc0d8e2b665.jpg?v=1776797785"
"Játszószőnyeg","15325501358466","Toyz kék 2 az 1-ben járássegítő zenélő játszószőnyeggel","9990.00","12","5908310393810","TOYZ-2005","TOYZ","https://toysland-9695.myshopify.com/products/toyz-kek-2-az-1-ben-jarassegito-zenelo-jatszoszonyeggel-toyz-2005","https://cdn.shopify.com/s/files/1/0935/7620/0578/files/product-14222.jpg?v=1777105163"
"Fejlesztő babajáték","15325501260162","Toyz Little Driver interaktív autós fejlesztő asztal","10990.00","582","5908310393230","TOYZ-9005","TOYZ","https://toysland-9695.myshopify.com/products/toyz-little-driver-interaktiv-autos-fejleszto-asztal-toyz-9005","https://cdn.shopify.com/s/files/1/0935/7620/0578/files/product-13893.jpg?v=1777105158"
"Akasztós babajáték","15325504242050","Toyz mintás babakocsi fejlesztő rúd","4990.00","235","5903076322074","TOYZ-9113","TOYZ","https://toysland-9695.myshopify.com/products/toyz-mintas-babakocsi-fejleszto-rud-toyz-9113","https://cdn.shopify.com/s/files/1/0935/7620/0578/files/product-16915.jpg?v=1777105295"
"Kültéri játék","15325502341506","Toyz Ocean gyerek trambulin kapaszkodóval","27990.00","1","5908310397269","TOYZ-8003","TOYZ","https://toysland-9695.myshopify.com/products/toyz-ocean-gyerek-trambulin-kapaszkodoval-toyz-8003","https://cdn.shopify.com/s/files/1/0935/7620/0578/files/product-15721.jpg?v=1777105211"
"Kültéri játék","15325502374274","Toyz Race gyerek trambulin kapaszkodóval","27990.00","56","5908310397276","TOYZ-8004","TOYZ","https://toysland-9695.myshopify.com/products/toyz-race-gyerek-trambulin-kapaszkodoval-toyz-8004","https://cdn.shopify.com/s/files/1/0935/7620/0578/files/product-15722.jpg?v=1777105213"
"Bébijáró és aktivitásközpont","15325502243202","Toyz Rainbow zenélő járássegítő tolóka","8990.00","0","5908310398013","TOYZ-9020","TOYZ","https://toysland-9695.myshopify.com/products/toyz-rainbow-zenelo-jarassegito-toloka-toyz-9020","https://cdn.shopify.com/s/files/1/0935/7620/0578/files/product-15707.jpg?v=1777105206"
"Játszószőnyeg","15325501391234","Toyz rózsaszín 2 az 1-ben járássegítő zenélő játszószőnyeggel","9990.00","108","5908310393827","TOYZ-2006","TOYZ","https://toysland-9695.myshopify.com/products/toyz-rozsaszin-2-az-1-ben-jarassegito-zenelo-jatszoszonyeggel-toyz-2006","https://cdn.shopify.com/s/files/1/0935/7620/0578/files/product-14223.jpg?v=1777105165"
"Fejlesztő babajáték","15325501849986","Toyz Spark rózsaszín 2 az 1-ben tolóka és fejlesztő asztal","12990.00","205","5908310395609","TOYZ-20950","TOYZ","https://toysland-9695.myshopify.com/products/toyz-spark-rozsaszin-2-az-1-ben-toloka-es-fejleszto-asztal-toyz-20950","https://cdn.shopify.com/s/files/1/0935/7620/0578/files/foto_add-41645.jpg?v=1777105184"
"Fejlesztő babajáték","15325501882754","Toyz Spark szürke 2 az 1-ben tolóka és fejlesztő asztal","11990.00","244","5908310395616","TOYZ-20951","TOYZ","https://toysland-9695.myshopify.com/products/toyz-spark-szurke-2-az-1-ben-toloka-es-fejleszto-asztal-toyz-20951","https://cdn.shopify.com/s/files/1/0935/7620/0578/files/product-14706.jpg?v=1777105186"
"Fejlesztő babajáték","15325501948290","Toyz Spark zöld 2 az 1-ben tolóka és fejlesztő asztal","10990.00","383","5908310395623","TOYZ-20952","TOYZ","https://toysland-9695.myshopify.com/products/toyz-spark-zold-2-az-1-ben-toloka-es-fejleszto-asztal-toyz-20952","https://cdn.shopify.com/s/files/1/0935/7620/0578/files/product-14707.jpg?v=1777105189"
"Spirálos babakocsi játék","15325501292930","Toyz spirálos fejlesztő asztal babáknak","16990.00","165","5908310393858","TOYZ-9103","TOYZ","https://toysland-9695.myshopify.com/products/toyz-spiralos-fejleszto-asztal-babaknak-toyz-9103","https://cdn.shopify.com/s/files/1/0935/7620/0578/files/product-14209.jpg?v=1777105160"
"Bébijáró és aktivitásközpont","15325502275970","Toyz türkiz zenélő járássegítő tolóka","8990.00","1","5908310398020","TOYZ-9021","TOYZ","https://toysland-9695.myshopify.com/products/toyz-turkiz-zenelo-jarassegito-toloka-toyz-9021","https://cdn.shopify.com/s/files/1/0935/7620/0578/files/product-15708.jpg?v=1777105208"
"Fejlesztő babajáték","15325501227394","Toyz zenélő fejlesztő asztal gyerekeknek","6990.00","0","5908310393209","TOYZ-9002","TOYZ","https://toysland-9695.myshopify.com/products/toyz-zenelo-fejleszto-asztal-gyerekeknek-toyz-9002","https://cdn.shopify.com/s/files/1/0935/7620/0578/files/product-13887.jpg?v=1777105157"
"Bébijáró és aktivitásközpont","15325502210434","Toyz Zoo rózsaszín zenélő járássegítő tolóka","8990.00","146","5908310398006","TOYZ-9019","TOYZ","https://toysland-9695.myshopify.com/products/toyz-zoo-rozsaszin-zenelo-jarassegito-toloka-toyz-9019","https://cdn.shopify.com/s/files/1/0935/7620/0578/files/product-15706.jpg?v=1777105205"
"Interaktív fejlesztő játék","15322392461698","Türkiz versenyautós játék kormány gyerekeknek","5990.00","141","","TOYZ-9014","TOYZ","https://toysland-9695.myshopify.com/products/interaktiv-keszsegfejleszto-baba-jatek-racers-steering-wheel-turkiz","https://cdn.shopify.com/s/files/1/0935/7620/0578/files/product-15724_350cbec8-c84a-407c-9104-a736d1f950f1.jpg?v=1776797790"
"Játszószőnyeg","15322392920450","Város mintás multifunkciós játszószőnyeg babáknak","15990.00","139","","TOYZ-1117","TOYZ","https://toysland-9695.myshopify.com/products/tobbfunkcios-keszsegfejleszto-jatszoszonyeg-varos","https://cdn.shopify.com/s/files/1/0935/7620/0578/files/product-16110_56ec5096-8006-4378-b547-e5a33cf90679.jpg?v=1776797804"
"Játszószőnyeg","15322392101250","XPE habszivacs fejlesztő játszószőnyeg, 180x200 cm","8990.00","134","","ONO-77801","BABYONO","https://toysland-9695.myshopify.com/products/xpe-habszivacs-jatszoszonyeg-180x200","https://cdn.shopify.com/s/files/1/0935/7620/0578/files/product-14962_f4040f21-50f8-4dd3-a305-17cb4e531b08.jpg?v=1776797778"
"Éjszakai fény és altató játék","15322394427778","You and Me varázscsillag zenélő babajáték","11990.00","5","","CHICZ-061135","CHICCO TOYS","https://toysland-9695.myshopify.com/products/180011-magical-csillag-you-me","https://cdn.shopify.com/s/files/1/0935/7620/0578/files/product-17138_5e89bad5-ae7d-44f9-ba10-34cc41fe4a92.jpg?v=1776797857"
"Interaktív fejlesztő játék","15322391249282","Zenélő hal fejlesztő babajáték","2990.00","751","","TOYZ-9007","TOYZ","https://toysland-9695.myshopify.com/products/interaktiv-keszsegfejleszto-baba-jatek-musical-fish","https://cdn.shopify.com/s/files/1/0935/7620/0578/files/product-13896_75a11e47-595a-4c5a-9d8e-422222ed10f5.jpg?v=1776797757"
"Zenélő plüss babajáték","15322390790530","Zenélő maci plüss játék babáknak","8990.00","4","","CHICZ-06116","CHICCO TOYS","https://toysland-9695.myshopify.com/products/151493-musical-maci","https://cdn.shopify.com/s/files/1/0935/7620/0578/files/product-13143_d1656dd0-b36d-413a-af86-e197cf51120a.jpg?v=1776797744"
"Plüss babajáték","15322391609730","Zörgő teknős plüss babajáték","3990.00","2","","CHICZ-1241","CHICCO TOYS","https://toysland-9695.myshopify.com/products/167494-rustling-teknos","https://cdn.shopify.com/s/files/1/0935/7620/0578/files/product-14278_45819ce0-0549-43e1-a570-967395737e81.jpg?v=1776797767"